{
    "goals": {
        "1F_start": {
            "pos": {
                "x": -40.71162033081055,
                "y": 39.492958068847656,
                "z": 0.0
            },
            "qua": {
                "r1": 0.0,
                "r2": 0.0,
                "r3": 0.2687366253091153,
                "r4": 0.9632136970669947
            }
        },
        "1F_table": {
            "pos": {
                "x": 1.8651396036148071,
                "y": -1.236246109008789,
                "z": 0.0
            },
            "qua": {
                "r1": 0.0,
                "r2": 0.0,
                "r3": 0.02709828112961361,
                "r4": 0.9996327741524986
            }
        },
        "1F_gate_1": {
            "pos": {
                "x": 76.91818237304688,
                "y": -10.202795028686523,
                "z": 0.0
            },
            "qua": {
                "r1": 0.0,
                "r2": 0.0,
                "r3": 0.12875186092811727,
                "r4": 0.9916768416714927
            }
        },
        "1F_gate_2": {
            "pos": {
                "x": 95.1075439453125,
                "y": 12.354349136352539,
                "z": 0.0
            },
            "qua": {
                "r1": 0.0,
                "r2": 0.0,
                "r3": 0.7981611591903323,
                "r4": 0.6024439923843088
            }
        },
        "1F_under_HenGi": {
            "pos": {
                "x": 46.758506774902344,
                "y": 83.75631713867188,
                "z": 0.0
            },
            "qua": {
                "r1": 0.0,
                "r2": 0.0,
                "r3": 0.9980272460119047,
                "r4": 0.06278229223191112
            }
        },
        "1F_HenGi": {
            "pos": {
                "x": 38.16561508178711,
                "y": 76.48131561279297,
                "z": 0.0
            },
            "qua": {
                "r1": 0.0,
                "r2": 0.0,
                "r3": -0.7879951118202491,
                "r4": 0.6156814953751599
            }
        },
        "1F_stage": {
            "pos": {
                "x": 37.31501007080078,
                "y": 54.510841369628906,
                "z": 0.0
            },
            "qua": {
                "r1": 0.0,
                "r2": 0.0,
                "r3": -0.913169551230767,
                "r4": 0.407579894873385
            }
        },
        "1F_forest": {
            "pos": {
                "x": -18.274654388427734,
                "y": 69.12400817871094,
                "z": 0.0
            },
            "qua": {
                "r1": 0.0,
                "r2": 0.0,
                "r3": -0.9876981259237676,
                "r4": 0.15637267039568406
            }
        },
        "1F_willy_destroy": {
            "pos": {
                "x": 30.670427322387695,
                "y": 23.346757888793945,
                "z": 0.0
            },
            "qua": {
                "r1": 0.0,
                "r2": 0.0,
                "r3": 0.9883017650214666,
                "r4": 0.1525110528960239
            }
        }
    },
    "edges":["(0,1)","(1,2)","(2,3)","(3,4)","(4,5)","(5,6)","(6,7)","(7,8)", "(0,7)"],
    "weights":[1,4,1,1,2,1,3,1,2]
}
