{
    "goals": {
        "3F_elevator": {
            "pos": {
                "x": 42.46318435668945,
                "y": 31.956390380859375,
                "z": 0.0
            },
            "qua": {
                "r1": 0.0,
                "r2": 0.0,
                "r3": -0.7044478775791078,
                "r4": 0.7097557240165735
            }
        },
        "3F_out": {
            "pos": {
                "x": 42.505592346191406,
                "y": 30.130542755126953,
                "z": 0.0
            },
            "qua": {
                "r1": 0.0,
                "r2": 0.0,
                "r3": -0.710029968999737,
                "r4": 0.7041714586109213
            }
        },
        "3F_in": {
            "pos": {
                "x": 42.41825866699219,
                "y": 30.565570831298828,
                "z": 0.0
            },
            "qua": {
                "r1": 0.0,
                "r2": 0.0,
                "r3": 0.7090303659612274,
                "r4": 0.7051779492758463
            }
        },
        "3F_end": {
            "pos": {
                "x": 78.73274230957031,
                "y": 31.102336883544922,
                "z": 0.0
            },
            "qua": {
                "r1": 0.0,
                "r2": 0.0,
                "r3": 0.7109602009261823,
                "r4": 0.7032322466290937
            }
        },
        "3F_LGS": {
            "pos": {
                "x": -24.862062454223633,
                "y": 30.87765121459961,
                "z": 0.0
            },
            "qua": {
                "r1": 0.0,
                "r2": 0.0,
                "r3": 0.7269815859783055,
                "r4": 0.6866569548533442
            }
        },
        "3F_guest": {
            "pos": {
                "x": -0.7335643768310547,
                "y": 28.662899017333984,
                "z": 0.0
            },
            "qua": {
                "r1": 0.0,
                "r2": 0.0,
                "r3": 0.16619529892760226,
                "r4": 0.9860928569938862
            }
        },
        "3F_reading": {
            "pos": {
                "x": -40.65897750854492,
                "y": 29.76582145690918,
                "z": 0.0
            },
            "qua": {
                "r1": 0.0,
                "r2": 0.0,
                "r3": -0.005991391847661523,
                "r4": 0.9999820514507887
            }
        },
        "3F_table": {
            "pos": {
                "x": 35.42756652832031,
                "y": 28.267248153686523,
                "z": 0.0
            },
            "qua": {
                "r1": 0.0,
                "r2": 0.0,
                "r3": 0.9999065093723657,
                "r4": 0.013673789334749263
            }
        },
        "B1_elevator": {
            "pos": {
                "x": 42.55458450317383,
                "y": 31.625362396240234,
                "z": 0.0
            },
            "qua": {
                "r1": 0.0,
                "r2": 0.0,
                "r3": -0.6988272828441616,
                "r4": 0.715290450623134
            }
        },
        "B1_out": {
            "pos": {
                "x": 42.57105255126953,
                "y": 29.724361419677734,
                "z": 0.0
            },
            "qua": {
                "r1": 0.0,
                "r2": 0.0,
                "r3": -0.7012116048745036,
                "r4": 0.7129532138852612
            }
        },
        "B1_in": {
            "pos": {
                "x": 42.59587478637695,
                "y": 30.49392318725586,
                "z": 0.0
            },
            "qua": {
                "r1": 0.0,
                "r2": 0.0,
                "r3": 0.7075423343608427,
                "r4": 0.706670959561244
            }
        },
        "B1_GUGO": {
            "pos": {
                "x": 28.140718460083008,
                "y": 29.048664093017578,
                "z": 0.0
            },
            "qua": {
                "r1": 0.0,
                "r2": 0.0,
                "r3": -0.004069196471878413,
                "r4": 0.9999917207857639
            }
        },
        "B1_storage": {
            "pos": {
                "x": 22.97829818725586,
                "y": 29.9335880279541,
                "z": 0.0
            },
            "qua": {
                "r1": 0.0,
                "r2": 0.0,
                "r3": -0.014504563864582723,
                "r4": 0.9998948032803742
            }
        },
        "1F_elevator": {
            "pos": {
                "x": 42.525447845458984,
                "y": 31.73137092590332,
                "z": 0.0
            },
            "qua": {
                "r1": 0.0,
                "r2": 0.0,
                "r3": -0.7132995165818822,
                "r4": 0.7008593294264215
            }
        },
        "1F_out": {
            "pos": {
                "x": 42.62141799926758,
                "y": 29.98920249938965,
                "z": 0.0
            },
            "qua": {
                "r1": 0.0,
                "r2": 0.0,
                "r3": -0.7098780562132548,
                "r4": 0.7043246022303148
            }
        },
        "1F_in": {
            "pos": {
                "x": 42.57933044433594,
                "y": 30.48821258544922,
                "z": 0.0
            },
            "qua": {
                "r1": 0.0,
                "r2": 0.0,
                "r3": 0.7049311726599959,
                "r4": 0.7092757163559197
            }
        },
        "1F_118": {
            "pos": {
                "x": 79.60100555419922,
                "y": 28.830520629882812,
                "z": 0.0
            },
            "qua": {
                "r1": 0.0,
                "r2": 0.0,
                "r3": -0.7187988228107647,
                "r4": 0.6952181329092754
            }
        },
        "1F_library": {
            "pos": {
                "x": -11.280913352966309,
                "y": 24.647302627563477,
                "z": 0.0
            },
            "qua": {
                "r1": 0.0,
                "r2": 0.0,
                "r3": -0.00991361926580225,
                "r4": 0.999950858869101
            }
        },
        "1F_FuXing": {
            "pos": {
                "x": -86.00113677978516,
                "y": 23.51934814453125,
                "z": 0.0
            },
            "qua": {
                "r1": 0.0,
                "r2": 0.0,
                "r3": -0.7057549118916404,
                "r4": 0.7084560708617175
            }
        }
    },
    "edges":["(0,1)","(0,2)","(1,3)","(1,4)","(1,5)","(4,6)","(5,6)", "(1,7)", "(4,7)","(2,3)","(2,4)","(2,5)", "(2,7)", "(0,8)", "(8,9)", "(8,10)", "(9,11)", "(9,12)", "(11,12)", "(10,11)", "(10,12)", "(0,13)", "(8,13)", "(13,14)", "(13,15)", "(14,16)", "(14,17)", "(17,18)", "(15,16)", "(15,17)"],
    "weights":[1,1,1,1,1,1,1,1,1,1,1,1,1,1,1,1,1,1,1,1,1,1,1,1,1,1,1,1,1,1]
}
