{
    "goals": {
        "1F_Restaurant": {
            "pos": {
                "x": 55.941444396972656,
                "y": 54.46567916870117,
                "z": 0.0
            },
            "qua": {
                "r1": 0.0,
                "r2": 0.0,
                "r3": -0.7405088432646444,
                "r4": 0.6720466152335404
            },
            "relay_range": 4.5
        },
        "1F_TzuChi": {
            "pos": {
                "x": 75.04586791992188,
                "y": 36.16250228881836,
                "z": 0.0
            },
            "qua": {
                "r1": 0.0,
                "r2": 0.0,
                "r3": -0.7273957671948326,
                "r4": 0.6862181853223076
            },
            "relay_range": 4.5
        },
        "1F_NTU_table": {
            "pos": {
                "x": 59.6975212097168,
                "y": 8.916391372680664,
                "z": 0.0
            },
            "qua": {
                "r1": 0.0,
                "r2": 0.0,
                "r3": 0.9998426318706137,
                "r4": 0.01774010975288246
            },
            "relay_range": 4.5
        },
        "1F_NTHU_table": {
            "pos": {
                "x": 39.597755432128906,
                "y": 10.223607063293457,
                "z": 0.0
            },
            "qua": {
                "r1": 0.0,
                "r2": 0.0,
                "r3": 0.9982504406381969,
                "r4": 0.05912747048238945
            },
            "relay_range": 4.5
        },
        "1F_China_Steel": {
            "pos": {
                "x": 21.536977767944336,
                "y": 24.7783203125,
                "z": 0.0
            },
            "qua": {
                "r1": 0.0,
                "r2": 0.0,
                "r3": 0.697298604126722,
                "r4": 0.7167807591467038
            },
            "relay_range": 4.5
        },
        "1F_Green_Factory": {
            "pos": {
                "x": 22.495044708251953,
                "y": 42.121910095214844,
                "z": 0.0
            },
            "qua": {
                "r1": 0.0,
                "r2": 0.0,
                "r3": 0.7006752856750519,
                "r4": 0.7134803038936566
            },
            "relay_range": 4.5
        }
    },
    "edges":["(0,1)","(1,2)", "(2,3)", "(3,4)", "(4,5)", "(5,0)"],
    "weights":[1,1,1,1,1,1]
}