{
    "goals": {
        "1F_E8": {
            "pos": {
                "x": 54.03696517944336,
                "y": 52.805916595458984,
                "z": 0.0
            },
            "qua": {
                "r1": 0.0,
                "r2": 0.0,
                "r3": 0.9997409998977033,
                "r4": 0.022658144114589905
            },
            "relay_range": 10.0
        },
        "1F_F1_2": {
            "pos": {
                "x": 73.97552490234375,
                "y": 45.487823486328125,
                "z": 0.0
            },
            "qua": {
                "r1": 0.0,
                "r2": 0.0,
                "r3": -0.7105696446783466,
                "r4": 0.7036268755964971
            },
            "relay_range": 4.5
        },
        "1F_D11": {
            "pos": {
                "x": 59.6975212097168,
                "y": 8.916391372680664,
                "z": 0.0
            },
            "qua": {
                "r1": 0.0,
                "r2": 0.0,
                "r3": 0.9998426318706137,
                "r4": 0.01774010975288246
            },
            "relay_range": 4.5
        },
        "1F_D6": {
            "pos": {
                "x": 39.597755432128906,
                "y": 10.223607063293457,
                "z": 0.0
            },
            "qua": {
                "r1": 0.0,
                "r2": 0.0,
                "r3": 0.9982504406381969,
                "r4": 0.05912747048238945
            },
            "relay_range": 4.5
        },
        "1F_C10_6": {
            "pos": {
                "x": 21.536977767944336,
                "y": 24.7783203125,
                "z": 0.0
            },
            "qua": {
                "r1": 0.0,
                "r2": 0.0,
                "r3": 0.697298604126722,
                "r4": 0.7167807591467038
            },
            "relay_range": 4.5
        },
        "1F_C10_12": {
            "pos": {
                "x": 22.495044708251953,
                "y": 42.121910095214844,
                "z": 0.0
            },
            "qua": {
                "r1": 0.0,
                "r2": 0.0,
                "r3": 0.7006752856750519,
                "r4": 0.7134803038936566
            },
            "relay_range": 4.5
        },
        "1F_VIP": {
            "pos": {
                "x": -17.670360565185547,
                "y": 46.63271713256836,
                "z": 0.0
            },
            "qua": {
                "r1": 0.0,
                "r2": 0.0,
                "r3": -0.9998030951415816,
                "r4": 0.019843662598258323
            },
            "relay_range": 4.5
        },
        
        "1F_A1": {
            "pos": {
                "x": 0.8961598873138428,
                "y": 39.45774459838867,
                "z": 0.0
            },
            "qua": {
                "r1": 0.0,
                "r2": 0.0,
                "r3": -0.7397096620913872,
                "r4": 0.6729261592542274
            },
            "relay_range": 4.5
        },
        "1F_A2": {
            "pos": {
                "x": -13.821000099182129,
                "y": 42.17532730102539,
                "z": 0.0
            },
            "qua": {
                "r1": 0.0,
                "r2": 0.0,
                "r3": 0.9999997495790628,
                "r4": 0.0007077017815985327
            },
            "relay_range": 4.5
        },
        "1F_E9_10": {
            "pos": {
                "x": 59.45512390136719,
                "y": 52.354007720947266,
                "z": 0.0
            },
            "qua": {
                "r1": 0.0,
                "r2": 0.0,
                "r3": -0.02246992966975665,
                "r4": 0.9997475192570553
            },
            "relay_range": 4.5
        },
        "1F_E11_12": {
            "pos": {
                "x": 65.11314392089844,
                "y": 51.8324089050293,
                "z": 0.0
            },
            "qua": {
                "r1": 0.0,
                "r2": 0.0,
                "r3": -0.032654119598952404,
                "r4": 0.9994667120385837
            },
            "relay_range": 4.5
        },
        "1F_F4_5": {
            "pos": {
                "x": 71.40352630615234,
                "y": 51.46097946166992,
                "z": 0.0
            },
            "qua": {
                "r1": 0.0,
                "r2": 0.0,
                "r3": 0.0033849797295848324,
                "r4": 0.999994270939704
            },
            "relay_range": 4.5
        },
        "1F_D21_22": {
            "pos": {
                "x": 73.37303161621094,
                "y": 19.438562393188477,
                "z": 0.0
            },
            "qua": {
                "r1": 0.0,
                "r2": 0.0,
                "r3": -0.7154731899607178,
                "r4": 0.6986401895449721
            },
            "relay_range": 4.5
        },
        "1F_D14_15": {
            "pos": {
                "x": 69.57621765136719,
                "y": 8.715201377868652,
                "z": 0.0
            },
            "qua": {
                "r1": 0.0,
                "r2": 0.0,
                "r3": 0.9998285171785137,
                "r4": 0.018518537647839815
            },
            "relay_range": 4.5
        },
        "1F_D9_10": {
            "pos": {
                "x": 49.486269669734845,
                "y": 9.806349645945469,
                "z": 0.0
            },
            "qua": {
                "r1": 0.0,
                "r2": 0.0,
                "r3": -0.9997370898289983,
                "r4": 0.022929265584514854
            },
            "relay_range": 4.5
        },
        "1F_D4": {
            "pos": {
                "x": 21.665729522705078,
                "y": 11.175752639770508,
                "z": 0.0
            },
            "qua": {
                "r1": 0.0,
                "r2": 0.0,
                "r3": 0.9984844441413866,
                "r4": 0.05503466914287876
            },
            "relay_range": 4.5
        },
        "1F_D19_21": {
            "pos": {
                "x": 66.97897338867188,
                "y": 11.619467735290527,
                "z": 0.0
            },
            "qua": {
                "r1": 0.0,
                "r2": 0.0,
                "r3": 0.998298862996608,
                "r4": 0.05830420344777754
            },
            "relay_range": 4.5
        },
        "1F_D16_17": {
            "pos": {
                "x": 59.2900276184082,
                "y": 12.391098976135254,
                "z": 0.0
            },
            "qua": {
                "r1": 0.0,
                "r2": 0.0,
                "r3": -0.9999995968340659,
                "r4": 0.0008979597461204206
            },
            "relay_range": 4.5
        },
        "1F_E1": {
            "pos": {
                "x": 41.35618591308594,
                "y": 13.416243553161621,
                "z": 0.0
            },
            "qua": {
                "r1": 0.0,
                "r2": 0.0,
                "r3": 0.997446035332536,
                "r4": 0.0714241317721502
            },
            "relay_range": 4.5
        },
        "1F_C11": {
            "pos": {
                "x": 34.390872955322266,
                "y": 13.428780555725098,
                "z": 0.0
            },
            "qua": {
                "r1": 0.0,
                "r2": 0.0,
                "r3": 0.999842174745405,
                "r4": 0.01776585490143708
            },
            "relay_range": 4.5
        },
        "1F_C10_1_2": {
            "pos": {
                "x": 24.391502380371094,
                "y": 13.994728088378906,
                "z": 0.0
            },
            "qua": {
                "r1": 0.0,
                "r2": 0.0,
                "r3": 0.9999915718578517,
                "r4": 0.004105631895706494
            },
            "relay_range": 4.5
        },