{
    "goals": {
        "1F_kitchen": {
            "pos": {
                "x": 13.56784439086914,
                "y": 44.31110763549805,
                "z": 0.0
            },
            "qua": {
                "r1": 0.0,
                "r2": 0.0,
                "r3": -0.002432200987983859,
                "r4": 0.9999970421948027
            },
            "relay_range": 4.5
        },
        "1F_glassdoor": {
            "pos": {
                "x": 23.0731201171875,
                "y": 44.047943115234375,
                "z": 0.0
            },
            "qua": {
                "r1": 0.0,
                "r2": 0.0,
                "r3": 0.0019386182037687458,
                "r4": 0.9999981208779645
            },
            "relay_range": 4.5
        },
        "1F_pingfung": {
            "pos": {
                "x": 28.459535598754883,
                "y": 47.70124053955078,
                "z": 0.0
            },
            "qua": {
                "r1": 0.0,
                "r2": 0.0,
                "r3": -0.5479001217513872,
                "r4": 0.8365437565273051
            },
            "relay_range": 4.5
        },
        "1F_roomfront": {
            "pos": {
                "x": 32.165794372558594,
                "y": 28.93407440185547,
                "z": 0.0
            },
            "qua": {
                "r1": 0.0,
                "r2": 0.0,
                "r3": -0.7027937588604526,
                "r4": 0.7113936550931531
            },
            "relay_range": 4.5
        },
        "1F_smalldish": {
            "pos": {
                "x": 26.4864501953125,
                "y": 34.664154052734375,
                "z": 0.0
            },
            "qua": {
                "r1": 0.0,
                "r2": 0.0,
                "r3": 0.999576926096368,
                "r4": 0.029085543071020646
            },
            "relay_range": 4.5
        },
        "1F_table2": {
            "pos": {
                "x": 30.127092361450195,
                "y": 38.70587158203125,
                "z": 0.0
            },
            "qua": {
                "r1": 0.0,
                "r2": 0.0,
                "r3": 0.6942382828209404,
                "r4": 0.7197452373345947
            },
            "relay_range": 4.5
        },
        "1F_toilet": {
            "pos": {
                "x": 19.00678825378418,
                "y": 34.73374938964844,
                "z": 0.0
            },
            "qua": {
                "r1": 0.0,
                "r2": 0.0,
                "r3": 0.006194577981351527,
                "r4": 0.999980813417754
            },
            "relay_range": 4.5
        }
    },
    "edges":["(0,1)","(0,6)", "(1,2)", "(1,4)", "(1,5)", "(1,6)", "(2,5)", "(3,4)","(3,5)", "(4,5)", "(4,6)"],
    "weights":[1,1,1,1,1,1,1,1,1,1,1]
}