{
    "goals": {
        "1F_Restaurant": {
            "pos": {
                "x": 55.941444396972656,
                "y": 54.46567916870117,
                "z": 0.0
            },
            "qua": {
                "r1": 0.0,
                "r2": 0.0,
                "r3": -0.7405088432646444,
                "r4": 0.6720466152335404
            },
            "relay_range": 4.5
        },
        "1F_TzuChi": {
            "pos": {
                "x": 75.04586791992188,
                "y": 36.16250228881836,
                "z": 0.0
            },
            "qua": {
                "r1": 0.0,
                "r2": 0.0,
                "r3": -0.7273957671948326,
                "r4": 0.6862181853223076
            },
            "relay_range": 4.5
        },
        "1F_NTU_table": {
            "pos": {
                "x": 59.6975212097168,
                "y": 8.916391372680664,
                "z": 0.0
            },
            "qua": {
                "r1": 0.0,
                "r2": 0.0,
                "r3": 0.9998426318706137,
                "r4": 0.01774010975288246
            },
            "relay_range": 4.5
        },
        "1F_NTHU_table": {
            "pos": {
                "x": 39.597755432128906,
                "y": 10.223607063293457,
                "z": 0.0
            },
            "qua": {
                "r1": 0.0,
                "r2": 0.0,
                "r3": 0.9982504406381969,
                "r4": 0.05912747048238945
            },
            "relay_range": 4.5
        },
        "1F_China_Steel": {
            "pos": {
                "x": 21.536977767944336,
                "y": 24.7783203125,
                "z": 0.0
            },
            "qua": {
                "r1": 0.0,
                "r2": 0.0,
                "r3": 0.697298604126722,
                "r4": 0.7167807591467038
            },
            "relay_range": 4.5
        },
        "1F_Green_Factory": {
            "pos": {
                "x": 22.495044708251953,
                "y": 42.121910095214844,
                "z": 0.0
            },
            "qua": {
                "r1": 0.0,
                "r2": 0.0,
                "r3": 0.7006752856750519,
                "r4": 0.7134803038936566
            },
            "relay_range": 4.5
        },
        "1F_VIP": {
            "pos": {
                "x": -17.670360565185547,
                "y": 46.63271713256836,
                "z": 0.0
            },
            "qua": {
                "r1": 0.0,
                "r2": 0.0,
                "r3": -0.9998030951415816,
                "r4": 0.019843662598258323
            },
            "relay_range": 4.5
        },
        
        "1F_Interior": {
            "pos": {
                "x": 0.8961598873138428,
                "y": 39.45774459838867,
                "z": 0.0
            },
            "qua": {
                "r1": 0.0,
                "r2": 0.0,
                "r3": -0.7397096620913872,
                "r4": 0.6729261592542274
            },
            "relay_range": 4.5
        },
        "1F_wood": {
            "pos": {
                "x": -13.821000099182129,
                "y": 42.17532730102539,
                "z": 0.0
            },
            "qua": {
                "r1": 0.0,
                "r2": 0.0,
                "r3": 0.9999997495790628,
                "r4": 0.0007077017815985327
            },
            "relay_range": 4.5
        }
    },
    "edges":["(0,1)","(1,2)", "(2,3)", "(3,4)", "(4,5)", "(5,0)", "(5,6)", "(5,7)", "(5,8)", "(6,7)", "(6,8)", "(7,8)"],
    "weights":[1,1,1,1,1,1,1,1,1,1,1,1]
}